"Class","Lower_cm","Upper_cm","Midpoint_cm","Trees","Rel_Freq"
"[10,20)",10,20,15,127,0.254
"[20,30)",20,30,25,121,0.242
"[30,40)",30,40,35,87,0.174
"[40,50)",40,50,45,56,0.112
"[50,60)",50,60,55,33,0.066
"[60,70)",60,70,65,23,0.046
"[70,80)",70,80,75,20,0.04
"[80,90)",80,90,85,15,0.03
"[90,100)",90,100,95,3,0.006
"[100,110)",100,110,105,9,0.018
"[110,120)",110,120,115,0,0
"[120,130)",120,130,125,3,0.006
"[130,140)",130,140,135,2,0.004
"[140,150)",140,150,145,0,0
"[150,160)",150,160,155,1,0.002
