"Model","KS","AD","CvM","LogLik","AIC","Rank_KS","Rank_AD","Rank_CvM","Rank_Sum"
"Gamma3",0.0233805855329236,0.235001758075498,0.0359382811121606,-2135.24327237262,4276.48654474524,1,1,1,3
"Burr4",0.0248849245539322,0.271663802798912,0.0413139334687575,-2135.6784730112,4279.35694602239,1.25248939991789,1.05031044143316,1.04972383406331,3.35252367541436
"Weibull3",0.0251373953263087,0.439124509931275,0.0717063268809989,-2136.05599618921,4278.11199237842,1.2948642854483,1.28011273866174,1.33084810076977,3.90582512487981
"Beta4",0.0262468496537781,0.426458093904216,0.0750140435634678,-2135.72400835908,4279.44801671817,1.48107593951497,1.26273092085793,1.36144389538913,4.10525075576204
"Lognormal3",0.0269127834160247,0.70276061761723,0.088707190474831,-2144.92364101249,4295.84728202499,1.59284676621463,1.64189422290417,1.4881030838297,4.7228440729485
"LogLogistic3",0.0332451543804589,1.43071232615443,0.143648406957559,-2154.29060116037,4314.58120232075,2.65567670184678,2.64084482903709,1.99629962452882,7.29282115541269
"LogGamma",0.0390928685459085,0.919762456038086,0.116611530258547,-2150.76081452352,4305.52162904705,3.63716147350138,1.93968062202957,1.74621329427681,7.32305538980776
"Burr3",0.0435906878101483,1.88487999269313,0.240964098376675,-2167.08838514781,4340.17677029562,4.39207886320362,3.26408818495486,2.89645256800223,10.5526196161607
"Lognormal2",0.0531018704639595,1.63776686767295,0.22833730166421,-2156.12647129257,4316.25294258515,5.98844295881831,2.924980792078,2.7796569304065,11.6930806813028
"LogLogistic2",0.0517730394308857,2.14476537129974,0.255004207833307,-2168.73083364538,4341.46166729075,5.7654109524371,3.62072263397049,3.02632109865518,12.4124546850628
"Gamma2",0.0725168191865357,5.06036612466681,0.805145152440246,-2178.48776743962,4360.97553487924,9.24706264755926,7.6217313625169,8.11502758978439,24.9838215998605
"Weibull2",0.0889188981768435,8.25088236793601,1.22515019601148,-2204.44126097127,4412.88252194255,12,12,12,36
