"Model","Parameter","Value"
"Beta4","shape1",1.21543171286529
"Beta4","shape2",20
"Beta4","a",10.1
"Beta4","b",479.175770988052
"Burr3","c",3.4397255003701
"Burr3","k",0.672241777305022
"Burr3","scale",24.905458899767
"Burr4","c",1.2069642736443
"Burr4","k",13.4336265570045
"Burr4","scale",231.731986862686
"Burr4","loc",10.1
"Gamma2","shape",3.00176462287384
"Gamma2","rate",0.0813516191993329
"Gamma3","shape",1.28206427103798
"Gamma3","scale",20.9023866017908
"Gamma3","loc",10.1
"LogGamma","alpha",34.5435229190107
"LogGamma","scale",0.09937021946255
"LogLogistic2","shape",2.92253349817948
"LogLogistic2","scale",30.3877296915361
"LogLogistic3","shape",1.91889926834947
"LogLogistic3","scale",20.3303050975757
"LogLogistic3","loc",8.81961471963811
"Lognormal2","meanlog",3.43241152425539
"Lognormal2","sdlog",0.583274644702873
"Lognormal3","meanlog",3.09130656523504
"Lognormal3","sdlog",0.802200759987679
"Lognormal3","loc",7.15690107228895
"Weibull2","shape",1.69942650559851
"Weibull2","scale",41.7011813058204
"Weibull3","shape",1.15517108996505
"Weibull3","scale",28.2276194511436
"Weibull3","loc",10.1
