"Model","shape1","shape2","a","b","c","k","scale","loc","shape","rate","alpha","meanlog","sdlog"
"Beta4",1.21543171286529,20,10.1,479.175770988052,NA,NA,NA,NA,NA,NA,NA,NA,NA
"Burr3",NA,NA,NA,NA,3.4397255003701,0.672241777305022,24.905458899767,NA,NA,NA,NA,NA,NA
"Burr4",NA,NA,NA,NA,1.2069642736443,13.4336265570045,231.731986862686,10.1,NA,NA,NA,NA,NA
"Gamma2",NA,NA,NA,NA,NA,NA,NA,NA,3.00176462287384,0.0813516191993329,NA,NA,NA
"Gamma3",NA,NA,NA,NA,NA,NA,20.9023866017908,10.1,1.28206427103798,NA,NA,NA,NA
"LogGamma",NA,NA,NA,NA,NA,NA,0.09937021946255,NA,NA,NA,34.5435229190107,NA,NA
"LogLogistic2",NA,NA,NA,NA,NA,NA,30.3877296915361,NA,2.92253349817948,NA,NA,NA,NA
"LogLogistic3",NA,NA,NA,NA,NA,NA,20.3303050975757,8.81961471963811,1.91889926834947,NA,NA,NA,NA
"Lognormal2",NA,NA,NA,NA,NA,NA,NA,NA,NA,NA,NA,3.43241152425539,0.583274644702873
"Lognormal3",NA,NA,NA,NA,NA,NA,NA,7.15690107228895,NA,NA,NA,3.09130656523504,0.802200759987679
"Weibull2",NA,NA,NA,NA,NA,NA,41.7011813058204,NA,1.69942650559851,NA,NA,NA,NA
"Weibull3",NA,NA,NA,NA,NA,NA,28.2276194511436,10.1,1.15517108996505,NA,NA,NA,NA
